,,train,test
LDA,0,0.10679340362548828,0.0009930133819580078
LDA,1,0.08590459823608398,0.0014960765838623047
LDA,2,0.0696101188659668,0.0
LDA,3,0.09113669395446777,0.0009949207305908203
LDA,4,0.07038307189941406,0.00168609619140625
SVM,0,162.6801643371582,38.879159450531006
SVM,1,143.37474989891052,31.35400366783142
SVM,2,135.12460565567017,30.792649507522583
SVM,3,138.9891471862793,29.481106519699097
SVM,4,188.24344086647034,33.73150944709778
