,,train,test
LDA,0,0.06475973129272461,0.0019979476928710938
LDA,1,0.10298800468444824,0.002019643783569336
LDA,2,0.10117197036743164,0.00199127197265625
LDA,3,0.08187699317932129,0.0010025501251220703
LDA,4,0.11398124694824219,0.0010023117065429688
SVM,0,0.06475973129272461,0.0019979476928710938
SVM,1,0.10298800468444824,0.002019643783569336
SVM,2,0.10117197036743164,0.00199127197265625
SVM,3,0.08187699317932129,0.0010025501251220703
SVM,4,0.11398124694824219,0.0010023117065429688
